0.850002	0	0.001	0.0023	0.00399	0.006188	0.009042	0.012758	0.01758	0.02253	0.02747	0.03242	0.037242	0.040958	0.043812	0.04601	0.0477	0.049	0.05	0.051	0.0523	0.05399	0.056186	0.059044	0.062756	0.067582	0.072528	0.077472	0.082418	0.087244	0.090956	0.093814	0.096008	0.097702	0.098998	0.100002	0.100998	0.102302	0.103988	0.106188	0.109042	0.112758	0.11758	0.12386	0.132012	0.142622	0.156402	0.17433	0.199996	0.225676	0.243592	0.257382	0.267984	0.276142	0.282418	0.287242	0.290958	0.293812	0.29601	0.2977	0.299	0.3	0.301	0.3023	0.30399	0.306186	0.309044	0.312754	0.317584	0.323856	0.332016	0.342618	0.356406	0.374326	0.4	0.425672	0.443594	0.45738	0.467984	0.476142	0.482416	0.487244	0.490956	0.493814	0.496008	0.497702	0.498998	0.500002	0.500998	0.502302	0.503988	0.506188	0.509042	0.512756	0.517582	0.522528	0.527472	0.532416	0.537244	0.540956	0.543814	0.546008	0.547702	0.548998	0.550002
0.848998	6.01074	6.0699	6.14611	6.24396	6.36911	6.52827	6.72912	6.94981	7.16351	7.36742	7.55906	7.71805	7.83526	7.9224	7.98762	8.03672	8.07386	8.10572	8.14187	8.18804	8.24665	8.32045	8.41235	8.52495	8.64356	8.75303	8.85203	8.93969	9.0079	9.0556	9.08958	9.11417	9.1322	9.14556	9.15684	9.16943	9.18518	9.20464	9.22828	9.25639	9.28887	9.32504	9.36343	9.40187	9.43769	9.46816	9.4923	9.50489	9.50917	9.51063	9.5112	9.51145	9.51156	9.51161	9.51164	9.51165	9.51166	9.51166	9.51167	9.51167																																												
0.847702	6.07003	6.12951	6.20613	6.30451	6.43033	6.59035	6.79229	7.01416	7.22902	7.43403	7.6267	7.78655	7.9044	7.99201	8.05758	8.10695	8.14428	8.17632	8.21267	8.25909	8.31801	8.39222	8.48461	8.59782	8.71708	8.82714	8.92666	9.01479	9.08335	9.1313	9.16545	9.19016	9.20828	9.2217	9.23304	9.24569	9.26152	9.28106	9.30481	9.33305	9.36568	9.40201	9.44058	9.47918	9.51517	9.54579	9.57005	9.58269	9.587	9.58847	9.58905	9.58929	9.5894	9.58946	9.58948	9.5895	9.58951	9.58951	9.58951	9.58951																																												
0.846008	6.1466	6.2065	6.28365	6.38271	6.5094	6.67053	6.87387	7.09728	7.31363	7.52007	7.71409	7.87505	7.99372	8.08194	8.14798	8.19769	8.23529	8.26755	8.30415	8.3509	8.41024	8.48496	8.578	8.69201	8.8121	8.92292	9.02312	9.11183	9.18083	9.22907	9.26342	9.28828	9.30649	9.31999	9.33138	9.3441	9.36001	9.37965	9.40352	9.43189	9.46466	9.50114	9.53986	9.57863	9.61478	9.64556	9.66995	9.68268	9.68701	9.68849	9.68907	9.68932	9.68943	9.68948	9.68951	9.68952	9.68953	9.68954	9.68954	9.68954																																												
0.843814	6.2453	6.30573	6.38356	6.4835	6.61131	6.77387	6.97902	7.20442	7.42271	7.63098	7.82675	7.98916	8.1089	8.19792	8.26456	8.31472	8.35266	8.38521	8.42215	8.46932	8.52919	8.6046	8.69849	8.81353	8.9347	9.0465	9.14757	9.237	9.30653	9.3551	9.38968	9.41469	9.43301	9.44658	9.45803	9.47082	9.4868	9.50653	9.53049	9.55896	9.59184	9.62841	9.66723	9.70611	9.74239	9.77332	9.79786	9.81067	9.81504	9.81653	9.81711	9.81736	9.81747	9.81753	9.81755	9.81757	9.81758	9.81758	9.81758	9.81758																																												
0.840956	6.37215	6.43326	6.51197	6.61304	6.7423	6.90669	7.11417	7.34214	7.56292	7.77359	7.97161	8.1359	8.25704	8.34709	8.4145	8.46525	8.50364	8.53657	8.57394	8.62166	8.68225	8.75854	8.85353	8.96992	9.0925	9.20557	9.30773	9.39806	9.46819	9.51714	9.55194	9.57709	9.5955	9.60913	9.62063	9.63347	9.6495	9.66928	9.69328	9.72176	9.75463	9.79115	9.82991	9.86875	9.90506	9.9361	9.96078	9.97369	9.97808	9.97959	9.98017	9.98042	9.98054	9.98059	9.98062	9.98064	9.98064	9.98065	9.98065	9.98065																																												
0.837244	6.53456	6.59655	6.67638	6.7789	6.91001	7.07677	7.28724	7.51851	7.7425	7.95626	8.15719	8.32393	8.44687	8.53828	8.6067	8.65822	8.69718	8.73062	8.76855	8.817	8.87851	8.95596	9.0524	9.17056	9.29498	9.40968	9.51322	9.60462	9.67543	9.72473	9.75972	9.78495	9.80341	9.81705	9.82856	9.84138	9.85739	9.87711	9.901	9.92931	9.96189	9.99806	10.0364	10.0749	10.111	10.1421	10.1668	10.1798	10.1843	10.1858	10.1864	10.1866	10.1867	10.1868	10.1868	10.1868	10.1868	10.1869	10.1869	10.1869																																												
0.832416	6.74145	6.80454	6.88581	6.99018	7.12366	7.29343	7.50773	7.74323	7.97135	8.18907	8.39378	8.56367	8.68897	8.78214	8.85189	8.90441	8.94413	8.97822	9.0169	9.0663	9.12901	9.208	9.30635	9.42684	9.55367	9.67051	9.77579	9.86847	9.93996	9.98951	10.0245	10.0497	10.0681	10.0816	10.093	10.1057	10.1215	10.141	10.1644	10.1921	10.2239	10.259	10.2963	10.3339	10.3694	10.4002	10.4249	10.438	10.4424	10.444	10.4446	10.4448	10.4449	10.445	10.445	10.445	10.445	10.4451	10.4451	10.4451																																												
0.827474	6.97173	7.03607	7.11894	7.22536	7.36148	7.53463	7.7532	7.99346	8.22622	8.44844	8.65742	8.83092	8.95892	9.05411	9.12539	9.17906	9.21967	9.25451	9.29406	9.34456	9.40869	9.48947	9.59006	9.71331	9.84301	9.96236	10.0697	10.1637	10.2357	10.2852	10.32	10.3448	10.3628	10.376	10.3871	10.3995	10.4148	10.4335	10.4559	10.4823	10.5123	10.5455	10.5807	10.6165	10.6508	10.681	10.7056	10.7186	10.7231	10.7246	10.7252	10.7255	10.7256	10.7256	10.7257	10.7257	10.7257	10.7257	10.7257	10.7257																																												
0.822526	7.19802	7.26357	7.34801	7.45646	7.59518	7.77166	7.99447	8.23943	8.47681	8.70351	8.9168	9.09394	9.22466	9.32192	9.39476	9.44962	9.49113	9.52676	9.5672	9.61885	9.68445	9.7671	9.87006	9.99625	10.129	10.2511	10.3606	10.4561	10.5284	10.5776	10.6117	10.6358	10.6531	10.6658	10.6763	10.688	10.7024	10.7198	10.7406	10.7647	10.7921	10.8222	10.8546	10.888	10.9207	10.95	10.9742	10.9872	10.9916	10.9932	10.9938	10.994	10.9941	10.9942	10.9942	10.9942	10.9942	10.9942	10.9942	10.9942																																												
0.817584	7.41742	7.48416	7.57012	7.68054	7.82179	8.0015	8.22844	8.47801	8.71993	8.95105	9.16859	9.34936	9.48282	9.58216	9.65659	9.71266	9.75509	9.79152	9.83287	9.8857	9.95283	10.0374	10.1429	10.2722	10.4084	10.5337	10.6458	10.7429	10.8156	10.8641	10.8972	10.9201	10.9363	10.9481	10.9577	10.9683	10.9813	10.9967	11.0149	11.0357	11.0592	11.0853	11.114	11.1446	11.1754	11.2037	11.2274	11.2403	11.2447	11.2462	11.2468	11.2471	11.2472	11.2472	11.2473	11.2473	11.2473	11.2473	11.2473	11.2473																																												
0.812754	7.62732	7.69519	7.78262	7.89492	8.03859	8.22142	8.45233	8.70633	8.95265	9.18806	9.40976	9.5941	9.73028	9.83169	9.9077	9.96499	10.0084	10.0456	10.0879	10.1419	10.2106	10.2972	10.4053	10.538	10.6781	10.807	10.9224	11.022	11.0956	11.1435	11.175	11.1962	11.2107	11.2209	11.2292	11.2381	11.2487	11.2611	11.2752	11.2913	11.3097	11.3309	11.3555	11.3831	11.412	11.4392	11.4624	11.4751	11.4795	11.481	11.4816	11.4818	11.4819	11.482	11.482	11.482	11.482	11.482	11.482	11.482																																												
0.809044	7.80482	7.87364	7.96231	8.0762	8.22193	8.4074	8.64169	8.89948	9.14955	9.38865	9.61394	9.80138	9.93993	10.0432	10.1206	10.1789	10.2231	10.2611	10.3042	10.3593	10.4294	10.5179	10.6284	10.7644	10.9082	11.0411	11.1604	11.2635	11.3391	11.387	11.4172	11.4361	11.4483	11.4564	11.4626	11.469	11.4761	11.484	11.4927	11.503	11.5158	11.5324	11.5534	11.5785	11.6058	11.6322	11.6549	11.6674	11.6717	11.6732	11.6738	11.674	11.6742	11.6742	11.6742	11.6742	11.6743	11.6743	11.6743	11.6743																																												
0.806186	7.93781	8.00735	8.09695	8.21204	8.35931	8.54676	8.78359	9.04423	9.29714	9.53903	9.76704	9.95684	10.0972	10.2018	10.2803	10.3395	10.3844	10.4229	10.4666	10.5226	10.5938	10.6838	10.7963	10.9349	11.0819	11.2182	11.3414	11.4485	11.5272	11.5766	11.6062	11.6232	11.6327	11.638	11.6415	11.6445	11.6472	11.6497	11.6527	11.6575	11.6657	11.6789	11.6975	11.721	11.7473	11.773	11.7954	11.8077	11.812	11.8135	11.8141	11.8143	11.8144	11.8145	11.8145	11.8145	11.8145	11.8145	11.8145	11.8145																																												
0.80399	8.03801	8.10809	8.19838	8.31438	8.46281	8.65176	8.8905	9.1533	9.40835	9.65236	9.88244	10.074	10.2158	10.3215	10.4008	10.4607	10.506	10.545	10.5892	10.6459	10.7179	10.809	10.9231	11.0638	11.2134	11.3527	11.4793	11.5903	11.673	11.7252	11.7559	11.7718	11.7786	11.7805	11.7803	11.7788	11.7758	11.7723	11.7697	11.7702	11.7753	11.7863	11.8035	11.826	11.8517	11.877	11.8991	11.9112	11.9155	11.9169	11.9175	11.9178	11.9179	11.9179	11.9179	11.918	11.918	11.918	11.918	11.918																																												
0.8023	8.11383	8.18432	8.27514	8.39182	8.54114	8.73122	8.97141	9.23585	9.49253	9.73815	9.96981	10.1628	10.3056	10.4121	10.4921	10.5524	10.5981	10.6374	10.6821	10.7392	10.812	10.904	11.0192	11.1615	11.3133	11.455	11.5845	11.6991	11.7859	11.8419	11.8754	11.8922	11.8971	11.8948	11.889	11.881	11.8712	11.8618	11.8551	11.8526	11.8559	11.8657	11.8821	11.904	11.9293	11.9543	11.9762	11.9883	11.9925	11.9939	11.9945	11.9947	11.9948	11.9949	11.9949	11.9949	11.9949	11.9949	11.9949	11.9949																																												
0.801	8.17142	8.24222	8.33344	8.45064	8.60062	8.79156	9.03287	9.29854	9.55647	9.80331	10.0362	10.2302	10.3738	10.481	10.5614	10.6221	10.6682	10.7077	10.7527	10.8102	10.8835	10.9761	11.0923	11.2359	11.3893	11.533	11.6648	11.7824	11.873	11.933	11.9708	11.9911	11.9968	11.9901	11.9741	11.9568	11.9401	11.9264	11.9172	11.9133	11.9157	11.9248	11.9408	11.9625	11.9875	12.0123	12.034	12.046	12.0502	12.0516	12.0522	12.0524	12.0525	12.0526	12.0526	12.0526	12.0526	12.0526	12.0526	12.0526																																												
0.8	8.21527	8.28631	8.37784	8.49543	8.64593	8.83752	9.07967	9.34629	9.60516	9.85294	10.0867	10.2816	10.4258	10.5334	10.6143	10.6753	10.7215	10.7612	10.8064	10.8643	10.9379	11.0311	11.148	11.2926	11.4473	11.5925	11.7261	11.8463	11.94	12.0038	12.046	12.0718	12.0833	12.0775	12.0371	12.0095	11.9884	11.9728	11.9626	11.9582	11.9602	11.9692	11.985	12.0064	12.0313	12.0559	12.0776	12.0895	12.0936	12.0951	12.0956	12.0959	12.096	12.096	12.0961	12.0961	12.0961	12.0961	12.0961	12.0961																																												
0.799	8.25311	8.32435	8.41615	8.53408	8.68502	8.87718	9.12005	9.3875	9.64718	9.89577	10.1303	10.3259	10.4707	10.5787	10.6599	10.7211	10.7675	10.8075	10.8528	10.9109	10.9849	11.0786	11.1961	11.3416	11.4974	11.6439	11.7792	11.9016	11.9982	12.0655	12.1123	12.1447	12.1676	12.1882																																																																						
0.7977	8.29629	8.36777	8.45986	8.57818	8.72962	8.92243	9.16613	9.43451	9.69513	9.94464	10.1801	10.3764	10.5218	10.6304	10.7119	10.7734	10.8201	10.8602	10.9058	10.9642	11.0386	11.1328	11.251	11.3975	11.5546	11.7026	11.8399	11.9648	12.0649	12.1364	12.1886	12.2284	12.2615	12.2929																																																																						
0.79601	8.35185	8.42362	8.5161	8.63493	8.78702	8.98066	9.22543	9.49501	9.75683	10.0075	10.2442	10.4415	10.5877	10.6969	10.7789	10.8408	10.8877	10.9281	10.974	11.0328	11.1077	11.2026	11.3217	11.4695	11.6282	11.7783	11.9181	12.0464	12.1509	12.2278	12.2866	12.3339	12.3743	12.4103																																																																						
0.793812	8.42311	8.49527	8.58824	8.70771	8.86063	9.05534	9.30148	9.5726	9.83597	10.0882	10.3264	10.525	10.6722	10.7822	10.8648	10.9272	10.9745	11.0152	11.0615	11.1207	11.1963	11.2921	11.4124	11.5619	11.7228	11.8754	12.0184	12.1511	12.2612	12.3444	12.4098	12.4633	12.5081	12.5456																																																																						
0.790958	8.5141	8.58675	8.68036	8.80065	8.95463	9.1507	9.39859	9.6717	9.93703	10.1912	10.4313	10.6316	10.7802	10.8911	10.9745	11.0375	11.0853	11.1264	11.1732	11.2331	11.3095	11.4064	11.5283	11.6799	11.8435	11.9994	12.1465	12.2845	12.4009	12.4905	12.5617	12.6193	12.6662	12.7042																																																																						
0.787242	8.62963	8.7029	8.79732	8.91865	9.07397	9.27177	9.52189	9.7975	10.0653	10.322	10.5645	10.767	10.9172	11.0294	11.1138	11.1776	11.226	11.2676	11.315	11.3757	11.4532	11.5515	11.6753	11.8296	11.9966	12.1566	12.3085	12.4524	12.5753	12.6705	12.7457	12.8056	12.8531	12.8908																																																																						
0.782418	8.77512	8.84918	8.94461	9.06726	9.22427	9.42425	9.67717	9.95593	10.2269	10.4867	10.7323	10.9374	11.0897	11.2035	11.2891	11.3539	11.403	11.4453	11.4935	11.5552	11.634	11.734	11.8602	12.0177	12.1888	12.3534	12.5106	12.6605	12.789	12.8882	12.9655	13.026	13.0734	13.1103																																																																						
0.776142	8.95637	9.0314	9.1281	9.25238	9.4115	9.6142	9.87059	10.1533	10.4282	10.6918	10.9411	11.1496	11.3043	11.4201	11.5073	11.5732	11.6232	11.6663	11.7154	11.7783	11.8587	11.9608	12.0897	12.2509	12.4266	12.596	12.7583	12.9132	13.0456	13.1467	13.2245	13.2846	13.331	13.3668																																																																						
0.767984	9.17873	9.25496	9.35321	9.47949	9.64119	9.8472	10.1078	10.3953	10.6749	10.9432	11.197	11.4094	11.5671	11.6852	11.7741	11.8414	11.8925	11.9365	11.9866	12.0508	12.133	12.2374	12.3693	12.5344	12.7145	12.8884	13.0547	13.2129	13.347	13.4482	13.5251	13.5838	13.6287	13.6631																																																																						
0.757382	9.44566	9.52333	9.62344	9.75211	9.9169	10.1269	10.3925	10.6856	10.9708	11.2444	11.5035	11.7203	11.8814	12.002	12.0928	12.1616	12.2138	12.2587	12.3099	12.3756	12.4595	12.5663	12.7011	12.8698	13.0537	13.2307	13.3995	13.5588	13.6922	13.7918	13.8667	13.9233	13.9662	13.999																																																																						
0.743592	9.75624	9.83558	9.93785	10.0693	10.2376	10.4521	10.7236	11.023	11.3144	11.594	11.8587	12.0802	12.2447	12.3679	12.4606	12.5308	12.5841	12.63	12.6822	12.7492	12.8348	12.9435	13.0808	13.2523	13.4386	13.6172	13.7863	13.9445	14.0754	14.172	14.244	14.2979	14.3386	14.3694																																																																						
0.725676	10.1015	10.1827	10.2873	10.4218	10.5941	10.8135	11.0912	11.3974	11.6952	11.981	12.2513	12.4773	12.6451	12.7706	12.865	12.9364	12.9906	13.0373	13.0903	13.1584	13.2453	13.3555	13.4944	13.6675	13.8547	14.033	14.2006	14.3557	14.4827	14.5754	14.6438	14.6948	14.733	14.7618																																																																						
0.702372	10.4603	10.5434	10.6505	10.7882	10.9644	11.1888	11.4727	11.7856	12.0897	12.3811	12.6565	12.8864	13.0569	13.1842	13.28	13.3523	13.4072	13.4543	13.508	13.5768	13.6644	13.7756	13.9152	14.0886	14.2752	14.4518	14.6164	14.7674	14.8897	14.978	15.0427	15.0905	15.1261	15.1528																																																																						
0.67209	10.7977	10.8826	10.9921	11.1326	11.3125	11.5416	11.8311	12.1498	12.4593	12.7555	13.035	13.2679	13.4403	13.569	13.6656	13.7385	13.7937	13.8412	13.8952	13.9643	14.0524	14.1638	14.3034	14.4763	14.6613	14.8354	14.9965	15.1431	15.2605	15.3446	15.4057	15.4506	15.4839	15.5087																																																																						
0.63271	11.0714	11.1578	11.2691	11.412	11.5949	11.8276	12.1214	12.4447	12.7582	13.0579	13.3403	13.5752	13.7489	13.8783	13.9754	14.0486	14.1041	14.1517	14.2058	14.2751	14.3632	14.4745	14.6138	14.7858	14.9691	15.1407	15.2986	15.4413	15.5547	15.6353	15.6935	15.736	15.7674	15.7908																																																																						
0.59136	11.2311	11.3184	11.4307	11.575	11.7596	11.9943	12.2907	12.6165	12.9323	13.2339	13.5178	13.7537	13.928	14.0578	14.1551	14.2284	14.2839	14.3316	14.3858	14.455	14.5431	14.6543	14.7933	14.9646	15.1467	15.3168	15.4727	15.613	15.724	15.8026	15.8591	15.9003	15.9306	15.9531																																																																						
0.549996	11.3042	11.3918	11.5047	11.6496	11.8349	12.0707	12.3682	12.6951	13.0119	13.3143	13.5989	13.8353	14.0098	14.1397	14.2371	14.3104	14.366	14.4137	14.4679	14.5371	14.6251	14.7362	14.8751	15.046	15.2276	15.3969	15.5519	15.6911	15.801	15.8787	15.9344	15.975	16.0048	16.0269																																																																						
0.508648	11.3342	11.422	11.5351	11.6802	11.8659	12.102	12.4	12.7274	13.0446	13.3473	13.6321	13.8687	14.0433	14.1733	14.2707	14.3441	14.3996	14.4473	14.5015	14.5707	14.6587	14.7698	14.9085	15.0794	15.2607	15.4297	15.5843	15.7231	15.8325	15.9098	15.9652	16.0055	16.0351	16.0571																																																																						
0.467282	11.3457	11.4336	11.5467	11.692	11.8777	12.114	12.4121	12.7397	13.0571	13.36	13.6449	13.8815	14.0561	14.1861	14.2835	14.3569	14.4125	14.4602	14.5144	14.5836	14.6716	14.7827	14.9214	15.0921	15.2734	15.4423	15.5967	15.7353	15.8445	15.9217	15.977	16.0172	16.0467	16.0686																																																																						
0.427916	11.3502	11.438	11.5512	11.6965	11.8823	12.1186	12.4168	12.7445	13.0619	13.3648	13.6498	13.8864	14.0611	14.1911	14.2885	14.3619	14.4175	14.4652	14.5193	14.5886	14.6766	14.7876	14.9263	15.0971	15.2783	15.4471	15.6015	15.74	15.8492	15.9263	15.9816	16.0217	16.0512	16.0731																																																																						
0.397622	11.3526	11.4405	11.5537	11.699	11.8848	12.1212	12.4195	12.7472	13.0646	13.3676	13.6526	13.8892	14.0639	14.1939	14.2914	14.3648	14.4203	14.468	14.5222	14.5914	14.6794	14.7905	14.9292	15.0999	15.2811	15.45	15.6043	15.7428	15.852	15.929	15.9843	16.0244	16.0539	16.0757																																																																						
0.37433	11.3551	11.4429	11.5561	11.7015	11.8873	12.1237	12.422	12.7498	13.0673	13.3703	13.6553	13.892	14.0668	14.1968	14.2942	14.3676	14.4232	14.4709	14.5251	14.5943	14.6824	14.7934	14.9321	15.1029	15.2841	15.4529	15.6073	15.7457	15.8548	15.9319	15.9871	16.0272	16.0566	16.0785																																																																						
0.356402	11.3577	11.4456	11.5588	11.7042	11.8901	12.1265	12.4249	12.7527	13.0703	13.3734	13.6585	13.8952	14.07	14.2001	14.2975	14.371	14.4265	14.4743	14.5284	14.5977	14.6857	14.7968	14.9356	15.1063	15.2876	15.4564	15.6107	15.7492	15.8583	15.9353	15.9904	16.0305	16.06	16.0818																																																																						
0.342622	11.3605	11.4484	11.5616	11.707	11.893	12.1294	12.4279	12.7558	13.0734	13.3766	13.6618	13.8986	14.0735	14.2036	14.3011	14.3745	14.4301	14.4779	14.5321	14.6013	14.6894	14.8005	14.9393	15.1101	15.2914	15.4602	15.6146	15.753	15.8621	15.939	15.9942	16.0342	16.0637	16.0855																																																																						
0.332012	11.3631	11.451	11.5642	11.7097	11.8956	12.1322	12.4307	12.7587	13.0764	13.3797	13.665	13.9019	14.0768	14.207	14.3045	14.378	14.4336	14.4814	14.5356	14.6049	14.693	14.8042	14.943	15.1139	15.2952	15.4641	15.6185	15.7569	15.866	15.9429	15.998	16.038	16.0674	16.0892																																																																						
0.32386	11.3653	11.4533	11.5666	11.712	11.898	12.1346	12.4332	12.7613	13.0791	13.3825	13.6679	13.905	14.0799	14.2101	14.3077	14.3812	14.4369	14.4847	14.5389	14.6083	14.6964	14.8076	14.9465	15.1175	15.2989	15.4678	15.6222	15.7606	15.8697	15.9466	16.0017	16.0417	16.0711	16.0928																																																																						
0.31758	11.3673	11.4552	11.5685	11.714	11.9	12.1366	12.4353	12.7635	13.0814	13.3849	13.6704	13.9076	14.0826	14.2129	14.3105	14.3841	14.4397	14.4876	14.5418	14.6112	14.6994	14.8107	14.9496	15.1207	15.3021	15.4711	15.6256	15.764	15.873	15.9499	16.005	16.045	16.0743	16.0961																																																																						
0.312758	11.3688	11.4568	11.5701	11.7156	11.9016	12.1383	12.437	12.7653	13.0833	13.3869	13.6725	13.9097	14.0849	14.2152	14.3129	14.3865	14.4422	14.49	14.5443	14.6137	14.7019	14.8133	14.9523	15.1234	15.305	15.474	15.6285	15.7669	15.876	15.9529	16.0079	16.0479	16.0772	16.099																																																																						
0.309042	11.37	11.458	11.5713	11.7168	11.9029	12.1396	12.4384	12.7667	13.0848	13.3885	13.6742	13.9115	14.0867	14.2171	14.3148	14.3884	14.4442	14.492	14.5463	14.6158	14.7041	14.8154	14.9545	15.1257	15.3073	15.4764	15.631	15.7694	15.8785	15.9553	16.0104	16.0503	16.0796	16.1014																																																																						
0.306188	11.371	11.459	11.5723	11.7178	11.9039	12.1406	12.4394	12.7678	13.086	13.3898	13.6756	13.913	14.0882	14.2187	14.3164	14.39	14.4458	14.4937	14.548	14.6175	14.7058	14.8172	14.9563	15.1276	15.3093	15.4784	15.633	15.7715	15.8805	15.9574	16.0124	16.0524	16.0817	16.1034																																																																						
0.30399	11.3718	11.4597	11.5731	11.7186	11.9047	12.1414	12.4403	12.7687	13.087	13.3908	13.6767	13.9141	14.0894	14.2199	14.3177	14.3913	14.4471	14.495	14.5493	14.6188	14.7072	14.8186	14.9578	15.1291	15.3109	15.4801	15.6347	15.7732	15.8822	15.9591	16.0141	16.054	16.0833	16.105																																																																						
0.3023	11.3723	11.4603	11.5736	11.7192	11.9053	12.1421	12.4409	12.7694	13.0877	13.3916	13.6775	13.915	14.0903	14.2209	14.3187	14.3923	14.4481	14.496	14.5504	14.6199	14.7083	14.8198	14.959	15.1303	15.3121	15.4814	15.636	15.7745	15.8836	15.9604	16.0154	16.0554	16.0846	16.1064																																																																						
0.301	11.3728	11.4608	11.5741	11.7196	11.9058	12.1426	12.4414	12.77	13.0883	13.3922	13.6782	13.9157	14.0911	14.2216	14.3194	14.3931	14.4489	14.4968	14.5512	14.6208	14.7091	14.8207	14.9599	15.1313	15.3131	15.4824	15.6371	15.7756	15.8846	15.9615	16.0165	16.0564	16.0857	16.1074																																																																						
0.3	11.3731	11.4611	11.5745	11.72	11.9061	12.1429	12.4418	12.7704	13.0887	13.3927	13.6787	13.9163	14.0917	14.2222	14.32	14.3938	14.4496	14.4975	14.5519	14.6214	14.7098	14.8214	14.9606	15.1321	15.3139	15.4832	15.6379	15.7764	15.8855	15.9623	16.0174	16.0573	16.0865	16.1082																																																																						
0.299	11.3734	11.4614	11.5748	11.7203	11.9065	12.1433	12.4422	12.7707	13.0891	13.3931	13.6791	13.9167	14.0922	14.2227	14.3206	14.3943	14.4501	14.4981	14.5525	14.622	14.7104	14.822	14.9613	15.1327	15.3146	15.4839	15.6386	15.7772	15.8862	15.9631	16.0181	16.058	16.0873	16.109																																																					9.90218	9.90068	9.89618	9.88604	9.86559	9.82678	9.75571	9.6439	9.49942	9.32398	9.12046	8.91727	8.74621	8.606	8.49311	8.4033	8.33248	
0.2977	11.3738	11.4618	11.5751	11.7207	11.9068	12.1436	12.4426	12.7712	13.0896	13.3936	13.6797	13.9173	14.0928	14.2233	14.3212	14.395	14.4508	14.4987	14.5531	14.6227	14.7111	14.8227	14.962	15.1335	15.3154	15.4848	15.6395	15.7781	15.8871	15.964	16.019	16.0589	16.0882	16.1098																																																					9.90262	9.90111	9.89661	9.88647	9.86603	9.82721	9.75614	9.64433	9.49984	9.32439	9.12086	8.91766	8.74659	8.60638	8.49348	8.40368	8.33285	
0.29601	11.3742	11.4622	11.5756	11.7211	11.9073	12.1441	12.4431	12.7717	13.0901	13.3942	13.6803	13.918	14.0935	14.2242	14.322	14.3958	14.4516	14.4996	14.554	14.6236	14.712	14.8237	14.963	15.1346	15.3165	15.4859	15.6407	15.7793	15.8883	15.9652	16.0202	16.06	16.0893	16.111																																																					9.90392	9.90241	9.89791	9.88777	9.86732	9.8285	9.75742	9.64559	9.50108	9.32561	9.12206	8.91883	8.74775	8.60753	8.49462	8.4048	8.33397	
0.293812	11.3748	11.4628	11.5761	11.7217	11.9079	12.1447	12.4437	12.7724	13.0909	13.3951	13.6812	13.919	14.0945	14.2252	14.3231	14.3969	14.4528	14.5007	14.5552	14.6248	14.7133	14.8249	14.9643	15.1359	15.318	15.4874	15.6422	15.7808	15.8899	15.9667	16.0217	16.0616	16.0909	16.1126																																																					9.90685	9.90535	9.90084	9.89069	9.87024	9.83141	9.7603	9.64843	9.50388	9.32835	9.12475	8.92148	8.75035	8.6101	8.49717	8.40733	8.33649	
0.290958	11.3755	11.4635	11.5769	11.7225	11.9087	12.1455	12.4446	12.7733	13.0919	13.3961	13.6824	13.9203	14.0959	14.2266	14.3246	14.3984	14.4543	14.5023	14.5568	14.6264	14.7149	14.8266	14.9661	15.1378	15.3199	15.4895	15.6443	15.783	15.8921	15.9689	16.0239	16.0638	16.093	16.1147																																																					9.91277	9.91126	9.90675	9.8966	9.87613	9.83727	9.76611	9.65416	9.50952	9.33389	9.13018	8.92681	8.75561	8.61529	8.50231	8.41244	8.34157	
0.287242	11.3765	11.4645	11.5779	11.7234	11.9097	12.1466	12.4457	12.7745	13.0932	13.3976	13.684	13.922	14.0977	14.2285	14.3266	14.4004	14.4564	14.5044	14.5589	14.6286	14.7172	14.829	14.9686	15.1404	15.3226	15.4923	15.6472	15.7859	15.895	15.9719	16.0269	16.0667	16.096	16.1176																																																					9.92403	9.92252	9.91801	9.90784	9.88734	9.84842	9.77716	9.66508	9.52025	9.34443	9.14051	8.93694	8.76559	8.62517	8.5121	8.42216	8.35124	
0.28242	11.3777	11.4657	11.5791	11.7247	11.9109	12.1479	12.4471	12.7761	13.0949	13.3994	13.6861	13.9243	14.1001	14.2311	14.3292	14.4031	14.4591	14.5072	14.5618	14.6315	14.7202	14.8321	14.9719	15.1439	15.3264	15.4962	15.6513	15.7901	15.8992	15.9761	16.031	16.0709	16.1001	16.1217																																																					9.94475	9.94324	9.93871	9.92851	9.90796	9.86894	9.7975	9.68514	9.53999	9.36379	9.15948	8.95556	8.78394	8.64329	8.53006	8.44	8.36898	
0.27614	11.3791	11.4671	11.5805	11.7261	11.9125	12.1495	12.4488	12.778	13.097	13.4019	13.6888	13.9273	14.1034	14.2345	14.3328	14.4068	14.4629	14.511	14.5657	14.6356	14.7244	14.8365	14.9765	15.1489	15.3316	15.5018	15.6571	15.796	15.9053	15.9821	16.0371	16.0769	16.1061	16.1277																																																					9.98211	9.98059	9.97604	9.96579	9.94513	9.90592	9.83414	9.72126	9.57549	9.39861	9.19357	8.989	8.81688	8.67585	8.56232	8.47204	8.40084	
0.267988	11.3806	11.4687	11.5821	11.7278	11.9141	12.1513	12.4508	12.7802	13.0997	13.4049	13.6923	13.9312	14.1077	14.2391	14.3376	14.4119	14.4681	14.5164	14.5712	14.6412	14.7303	14.8427	14.9831	15.156	15.3393	15.5099	15.6656	15.8048	15.9142	15.9911	16.046	16.0858	16.115	16.1365																																																					10.0487	10.0472	10.0426	10.0323	10.0114	9.97182	9.89937	9.78552	9.63857	9.4604	9.25401	9.04825	8.8752	8.73348	8.61943	8.52874	8.45724	
0.257378	11.3819	11.4699	11.5834	11.7291	11.9155	12.1529	12.4527	12.7825	13.1025	13.4084	13.6966	13.9363	14.1134	14.2453	14.3442	14.4188	14.4752	14.5237	14.5787	14.6491	14.7386	14.8516	14.9927	15.1664	15.3507	15.5222	15.6787	15.8185	15.9281	16.0051	16.0601	16.0998	16.1289	16.1504																																																					10.1673	10.1658	10.1611	10.1505	10.1293	10.0889	10.0151	9.89929	9.75001	9.56929	9.36031	9.15229	8.97756	8.83457	8.71956	8.62816	8.55612	
0.242622	11.3814	11.4694	11.5829	11.7287	11.9153	12.1528	12.4531	12.7837	13.1047	13.4118	13.7013	13.9423	14.1206	14.2534	14.353	14.4282	14.4851	14.5339	14.5895	14.6605	14.7508	14.8648	15.0073	15.1829	15.3692	15.5426	15.7007	15.8418	15.9522	16.0295	16.0846	16.1243	16.1533	16.1747																																																					10.3889	10.3872	10.3823	10.3713	10.349	10.3068	10.2298	10.1094	9.9548	9.76846	9.55393	9.34126	9.16313	9.01768	8.90087	8.80813	8.73509	
0.232012	11.3758	11.4639	11.5774	11.7232	11.9099	12.1477	12.4485	12.7801	13.1023	13.411	13.7025	13.9454	14.1253	14.2595	14.3603	14.4363	14.4939	14.5434	14.5996	14.6716	14.7632	14.879	15.0238	15.2025	15.3925	15.5695	15.731	15.8749	15.9872	16.0654	16.1208	16.1605	16.1895	16.2107																																																					10.711	10.7092	10.7038	10.6916	10.667	10.6206	10.5365	10.4061	10.2405	10.0431	9.81824	9.59745	9.41374	9.26443	9.14492	9.05026	8.97585	
0.22386	11.3675	11.4555	11.569	11.7148	11.9016	12.1396	12.4409	12.7732	13.0965	13.4065	13.6997	13.9444	14.1259	14.2614	14.3632	14.44	14.4983	14.5484	14.6054	14.6783	14.7712	14.8888	15.0361	15.2182	15.4124	15.5938	15.7596	15.9075	16.0225	16.1022	16.1583	16.1984	16.2273	16.2484																																																					11.0203	11.0182	11.0119	10.9978	10.9696	10.9167	10.8219	10.6774	10.4972	10.2861	10.049	9.81921	9.62963	9.47644	9.35434	9.25791	9.18228	
0.21758	11.3578	11.4458	11.5592	11.705	11.8918	12.13	12.4315	12.7644	13.0886	13.3998	13.6943	13.9406	14.1234	14.26	14.3628	14.4404	14.4993	14.55	14.6076	14.6814	14.7755	14.8947	15.0444	15.23	15.4285	15.6149	15.7859	15.939	16.058	16.1403	16.1976	16.2382	16.2672	16.2883																																																					11.3158	11.3132	11.3056	11.2885	11.2546	11.1919	11.0817	10.9188	10.7208	10.4939	10.2438	10.0048	9.80942	9.65256	9.52809	9.43011	9.35343	
0.212758	11.348	11.4359	11.5493	11.695	11.8818	12.1201	12.4218	12.7552	13.08	13.3921	13.6878	13.9352	14.1191	14.2567	14.3602	14.4385	14.4979	14.549	14.6072	14.6818	14.7769	14.8976	15.0494	15.238	15.4407	15.6319	15.8086	15.9677	16.0922	16.178	16.2375	16.2791	16.3085	16.3295																																																					11.5918	11.5885	11.5787	11.5569	11.5143	11.4376	11.3076	11.1229	10.9059	10.6631	10.4005	10.1531	9.95257	9.79252	9.66603	9.56675	9.48923	
0.209042	11.3388	11.4266	11.54	11.6857	11.8725	12.1107	12.4127	12.7463	13.0716	13.3844	13.6809	13.9294	14.1141	14.2524	14.3566	14.4354	14.4952	14.5467	14.6053	14.6805	14.7765	14.8984	15.0519	15.2431	15.4493	15.6449	15.8269	15.9924	16.1232	16.2139	16.2767	16.32	16.3501	16.3713																																																					11.8464	11.8419	11.8286	11.7995	11.7444	11.6493	11.4959	11.2887	11.0534	10.7964	10.5229	10.2683	10.0636	9.90092	9.7728	9.67249	9.5943	
0.206188	11.3306	11.4185	11.5318	11.6775	11.8642	12.1025	12.4045	12.7384	13.064	13.3773	13.6745	13.9237	14.109	14.2479	14.3526	14.4317	14.4919	14.5437	14.6026	14.6783	14.7749	14.8978	15.0526	15.2459	15.455	15.6542	15.8409	16.0123	16.1499	16.2466	16.3139	16.3601	16.3916	16.4132																																																					12.0804	12.0738	12.0547	12.0145	11.9423	11.8251	11.6475	11.4193	11.1681	10.8991	10.6169	10.3566	10.1484	9.98374	9.85435	9.75324	9.67454	
0.203988	11.3237	11.4115	11.5248	11.6704	11.8572	12.0954	12.3975	12.7315	13.0574	13.3711	13.6688	13.9185	14.1044	14.2437	14.3487	14.4282	14.4885	14.5405	14.5998	14.6758	14.773	14.8965	15.0524	15.2472	15.4586	15.6608	15.8512	16.0277	16.1716	16.2747	16.3478	16.3984	16.4324	16.4548																																																					12.2959	12.2856	12.2568	12.2003	12.1066	11.9662	11.7661	11.52	11.2559	10.9775	10.6884	10.4236	10.2129	10.0466	9.91627	9.81455	9.73546	
0.202302	11.318	11.4058	11.519	11.6646	11.8513	12.0896	12.3916	12.7258	13.0519	13.3658	13.6639	13.914	14.1003	14.2399	14.3452	14.4249	14.4855	14.5376	14.5971	14.6733	14.7709	14.895	15.0517	15.2477	15.4609	15.6652	15.8586	16.0392	16.1884	16.2975	16.3771	16.4337	16.4721	16.4964																																																					12.4967	12.4789	12.4339	12.3553	12.2382	12.0761	11.857	11.5967	11.3226	11.037	10.7426	10.4745	10.2618	10.0943	9.96321	9.86103	9.78164	
0.200998	11.3133	11.4011	11.5142	11.6598	11.8465	12.0848	12.3869	12.7211	13.0474	13.3615	13.6598	13.9102	14.0968	14.2367	14.3422	14.422	14.4828	14.535	14.5946	14.6711	14.769	14.8935	15.0508	15.2478	15.4622	15.6682	15.8639	16.0476	16.201	16.3152	16.4009	16.4646	16.51	16.5388																																																					12.6883	12.6542	12.5837	12.4793	12.3402	12.1599	11.9261	11.6549	11.3732	11.0821	10.7837	10.5131	10.2988	10.1305	9.99882	9.89628	9.81667	
0.200002	11.3096	11.3973	11.5105	11.656	11.8427	12.0809	12.3831	12.7174	13.0437	13.358	13.6565	13.9072	14.0939	14.234	14.3396	14.4196	14.4805	14.5329	14.5926	14.6692	14.7673	14.8921	15.0499	15.2475	15.4629	15.6703	15.8676	16.0537	16.2102	16.3283	16.4191	16.4897	16.5446	16.5835																																																					12.879	12.808	12.7035	12.5744	12.4173	12.2233	11.9782	11.6989	11.4115	11.1163	10.8149	10.5423	10.327	10.1579	10.0259	9.92306	9.84327	
0.198998	11.3062	11.3939	11.507	11.6526	11.8393	12.0775	12.3796	12.714	13.0404	13.3548	13.6535	13.9044	14.0913	14.2315	14.3373	14.4174	14.4783	14.5308	14.5906	14.6674	14.7656	14.8907	15.0489	15.2472	15.4634	15.6719	15.8706	16.0587	16.2179	16.3392	16.4341	16.5107	16.5762	16.6397	16.728	16.8094	16.8989	17.0004	17.1176	17.254	17.4123	17.5948	17.8022	18.0326	18.2797	18.5319	18.7842	18.9679	19.057	19.0956	19.1118	19.1169	19.1165	19.1136	19.1099	19.1061	19.1026	19.0996	19.0971	19.095	19.0932	19.091	19.0879	19.0836	19.0777	19.0691	19.0565	19.0377	19.0089	18.9632	18.8883	18.7601	18.5153	18.0707	17.5012	16.9487	16.4132	15.9134	15.4582	15.0502	14.6877	14.3667	14.0814	13.825	13.5894	13.3639	13.1058	12.9472	12.8049	12.6545	12.4826	12.2771	12.0228	11.7366	11.4444	11.1456	10.8417	10.5675	10.3512	10.1816	10.0491	9.9461	9.86616	
0.197702	11.3022	11.3899	11.503	11.6485	11.8352	12.0734	12.3755	12.7099	13.0364	13.351	13.6499	13.901	14.0881	14.2285	14.3345	14.4147	14.4757	14.5283	14.5882	14.6651	14.7636	14.889	15.0476	15.2465	15.4638	15.6734	15.8738	16.0641	16.2261	16.3508	16.4498	16.5313	16.6018	16.6655	16.7297	16.8013	16.8866	16.9865	17.1034	17.2399	17.3987	17.582	17.7904	18.0218	18.2703	18.5238	18.7774	18.9621	19.0517	19.0904	19.1068	19.1118	19.1114	19.1085	19.1048	19.101	19.0975	19.0945	19.0919	19.0899	19.088	19.0858	19.0827	19.0784	19.0724	19.0638	19.0512	19.0323	19.0032	18.9573	18.882	18.7531	18.507	18.0601	17.4877	16.9323	16.3942	15.8919	15.4348	15.0254	14.6622	14.3415	14.0585	13.8083	13.588	13.3985	13.2275	13.0686	12.9086	12.7408	12.5546	12.3372	12.0729	11.7792	11.4816	11.179	10.8722	10.5961	10.3787	10.2084	10.0756	9.97228	9.89218	
0.196008	11.2968	11.3844	11.4975	11.643	11.8296	12.0678	12.37	12.7044	13.0311	13.3458	13.645	13.8963	14.0837	14.2244	14.3305	14.4109	14.472	14.5247	14.5848	14.6619	14.7606	14.8864	15.0456	15.2454	15.4638	15.675	15.8773	16.0703	16.2356	16.364	16.4665	16.5509	16.6217	16.6808	16.7349	16.7974	16.8761	16.9721	17.087	17.2228	17.3817	17.5656	17.775	18.0078	18.2578	18.5129	18.7682	18.9541	19.0443	19.0833	19.0997	19.1048	19.1044	19.1015	19.0977	19.0939	19.0904	19.0873	19.0848	19.0827	19.0809	19.0786	19.0755	19.0712	19.0651	19.0565	19.0437	19.0247	18.9955	18.9493	18.8735	18.7437	18.496	18.0461	17.47	16.9112	16.3699	15.8652	15.4064	14.9964	14.6343	14.3172	14.0421	13.8067	13.6106	13.4542	13.3203	13.1785	13.018	12.8404	12.6415	12.4116	12.1358	11.833	11.5289	11.2214	10.911	10.6327	10.4139	10.2428	10.1094	10.0058	9.92546	
0.193814	11.2894	11.377	11.49	11.6355	11.822	12.0602	12.3623	12.6968	13.0237	13.3386	13.6381	13.8898	14.0775	14.2184	14.3248	14.4054	14.4667	14.5196	14.5798	14.6572	14.7562	14.8825	15.0424	15.2432	15.4631	15.6762	15.8809	16.0769	16.2458	16.3773	16.4822	16.567	16.6355	16.6902	16.7386	16.7947	16.8668	16.9575	17.0687	17.2025	17.3607	17.5448	17.7551	17.9893	18.2411	18.4982	18.7555	18.943	19.0339	19.0733	19.0898	19.095	19.0946	19.0916	19.0878	19.0839	19.0804	19.0773	19.0748	19.0727	19.0708	19.0685	19.0654	19.0611	19.055	19.0462	19.0334	19.0142	18.9847	18.9381	18.8616	18.7308	18.481	18.0275	17.4469	16.8841	16.3394	15.8323	15.3727	14.964	14.6062	14.2977	14.0368	13.8217	13.6501	13.5173	13.4039	13.2785	13.1268	12.9485	12.742	12.5011	12.2132	11.9003	11.5884	11.275	10.9602	10.679	10.4585	10.2863	10.1523	10.0483	9.96769	
0.190956	11.2791	11.3667	11.4796	11.625	11.8115	12.0496	12.3517	12.6863	13.0133	13.3285	13.6283	13.8805	14.0686	14.2099	14.3166	14.3974	14.4589	14.5119	14.5724	14.6501	14.7495	14.8764	15.0371	15.2392	15.4609	15.6762	15.8836	16.0828	16.2549	16.3887	16.494	16.5774	16.6429	16.6941	16.7388	16.7904	16.857	16.9419	17.0483	17.1786	17.3349	17.5185	17.7294	17.9649	18.2187	18.4781	18.7379	18.9273	19.0192	19.0589	19.0757	19.0809	19.0804	19.0775	19.0736	19.0697	19.0661	19.063	19.0605	19.0583	19.0564	19.0541	19.051	19.0466	19.0404	19.0316	19.0186	18.9992	18.9694	18.9223	18.8451	18.7129	18.4605	18.0025	17.4166	16.8493	16.3013	15.7927	15.3341	14.9298	14.581	14.2866	14.0446	13.851	13.6999	13.584	13.4845	13.3724	13.232	13.0597	12.8522	12.6043	12.3059	11.9823	11.6618	11.3416	11.0217	10.737	10.5145	10.341	10.2062	10.1016	10.0207	
0.187244	11.2645	11.352	11.4649	11.6102	11.7966	12.0346	12.3367	12.6713	12.9984	13.314	13.6143	13.8669	14.0555	14.1972	14.3042	14.3854	14.4471	14.5004	14.5611	14.6391	14.7391	14.8666	15.0284	15.232	15.4557	15.6734	15.8836	16.0858	16.2602	16.3946	16.499	16.58	16.6427	16.6911	16.7331	16.7813	16.8436	16.9235	17.0245	17.1502	17.3033	17.4852	17.6959	17.9326	18.1883	18.4503	18.7131	18.9048	18.9978	19.0381	19.0551	19.0603	19.0599	19.0569	19.053	19.049	19.0454	19.0423	19.0396	19.0375	19.0356	19.0332	19.03	19.0256	19.0193	19.0104	18.9972	18.9776	18.9474	18.8997	18.8215	18.6876	18.4322	17.9689	17.3769	16.805	16.2543	15.746	15.2916	14.8964	14.5618	14.2859	14.0644	13.8904	13.7557	13.6524	13.5633	13.4618	13.3324	13.1693	12.9665	12.7174	12.412	12.0791	11.75	11.4226	11.0969	10.8083	10.5833	10.4083	10.2726	10.1674	10.0861	
0.182418	11.2436	11.331	11.4438	11.5889	11.7751	12.0129	12.3149	12.6495	12.9768	13.2927	13.5934	13.8467	14.0358	14.178	14.2854	14.3669	14.4289	14.4824	14.5434	14.6218	14.7224	14.8507	15.0135	15.2188	15.4446	15.6647	15.8774	16.0818	16.2571	16.3908	16.4933	16.5718	16.6321	16.6782	16.7181	16.7638	16.8227	16.8983	16.9944	17.1151	17.2637	17.4426	17.652	17.8891	18.1467	18.4114	18.6776	18.872	18.9664	19.0073	19.0245	19.0298	19.0294	19.0263	19.0223	19.0183	19.0146	19.0114	19.0088	19.0066	19.0046	19.0023	18.999	18.9945	18.9882	18.9791	18.9657	18.9458	18.9152	18.8667	18.7873	18.6515	18.3924	17.923	17.3246	16.7485	16.197	15.6922	15.2467	14.8659	14.5499	14.2945	14.0925	13.935	13.8135	13.72	13.639	13.5463	13.4268	13.2736	13.079	12.8339	12.5269	12.188	11.8517	11.5174	11.1859	10.8931	10.6656	10.4889	10.3521	10.2462	10.1644	
0.176142	11.2126	11.2999	11.4125	11.5574	11.7433	11.9809	12.2826	12.6171	12.9444	13.2605	13.5618	13.8156	14.0052	14.1479	14.2558	14.3376	14.3999	14.4536	14.5149	14.5938	14.6949	14.8239	14.9879	15.1947	15.4225	15.6445	15.859	16.0644	16.2392	16.3713	16.4716	16.5478	16.6059	16.6502	16.6885	16.7322	16.7885	16.8607	16.9525	17.0682	17.2119	17.3867	17.5935	17.8299	18.0886	18.3559	18.6256	18.8231	18.919	18.9606	18.9781	18.9835	18.9831	18.98	18.9759	18.9718	18.9681	18.9648	18.9621	18.9599	18.9579	18.9555	18.9522	18.9476	18.9411	18.9319	18.9183	18.898	18.8668	18.8175	18.7367	18.5986	18.3354	17.8595	17.255	16.6765	16.1273	15.6309	15.1997	14.8378	14.5427	14.3073	14.1225	13.9789	13.8679	13.7823	13.7079	13.6224	13.5115	13.3679	13.1829	12.9455	12.6423	12.3021	11.9616	11.6223	11.2858	10.9892	10.7591	10.5808	10.4428	10.3362	10.2539	
0.167986	11.1657	11.2527	11.3649	11.5095	11.695	11.9321	12.2332	12.5674	12.8946	13.2107	13.5122	13.7664	13.9566	14.0996	14.2078	14.29	14.3525	14.4064	14.468	14.5472	14.6487	14.7785	14.9433	15.1514	15.3805	15.6037	15.8188	16.0239	16.1972	16.3272	16.4252	16.4993	16.5556	16.5985	16.6355	16.6777	16.7318	16.8012	16.8895	17.0009	17.1398	17.3097	17.5126	17.7469	18.0056	18.2748	18.5479	18.7485	18.8462	18.8886	18.9064	18.9119	18.9115	18.9083	18.9042	18.9	18.8961	18.8928	18.8901	18.8878	18.8858	18.8833	18.8799	18.8752	18.8686	18.8592	18.8453	18.8246	18.7929	18.7426	18.6603	18.5197	18.2522	17.7699	17.1611	16.5834	16.0416	15.5593	15.1473	14.8068	14.5325	14.3152	14.145	14.0128	13.9103	13.8312	13.7623	13.6828	13.5793	13.4445	13.2691	13.0413	12.746	12.4093	12.0688	11.7274	11.388	11.0888	10.8567	10.677	10.538	10.4306	10.3478	
0.15738	11.0921	11.1787	11.2905	11.4345	11.6192	11.8554	12.1557	12.4889	12.8154	13.1312	13.4325	13.6867	13.8769	14.0201	14.1285	14.2107	14.2734	14.3274	14.3891	14.4684	14.5702	14.7002	14.8655	15.074	15.3035	15.5267	15.7412	15.9448	16.116	16.2436	16.3395	16.4118	16.4666	16.5083	16.5442	16.5851	16.6376	16.7048	16.7901	16.8979	17.0323	17.1973	17.3956	17.6263	17.8833	18.1532	18.4288	18.6323	18.7317	18.7749	18.793	18.7986	18.7981	18.7949	18.7907	18.7864	18.7825	18.7791	18.7763	18.774	18.7719	18.7693	18.7659	18.7611	18.7544	18.7447	18.7306	18.7095	18.6771	18.6258	18.542	18.399	18.1274	17.6403	17.0308	16.4592	15.9309	15.4679	15.078	14.7592	14.504	14.3023	14.1444	14.0215	13.9261	13.8524	13.7879	13.7136	13.6164	13.4894	13.3232	13.1055	12.8203	12.4909	12.1545	11.8147	11.4753	11.1752	10.9422	10.7616	10.622	10.514	10.4307	
0.14262	10.9684	11.0544	11.1653	11.3082	11.4917	11.7263	12.0246	12.3559	12.6807	12.995	13.295	13.5484	13.738	13.8808	13.9889	14.0709	14.1334	14.1873	14.2488	14.328	14.4295	14.5592	14.724	14.9318	15.1603	15.3821	15.5947	15.7959	15.9642	16.0894	16.1831	16.2537	16.3072	16.3477	16.3827	16.4225	16.4735	16.5387	16.6215	16.7259	16.8562	17.0164	17.2093	17.4351	17.6886	17.957	18.2334	18.4391	18.5399	18.5837	18.6022	18.6079	18.6073	18.604	18.5997	18.5953	18.5913	18.5878	18.585	18.5826	18.5805	18.5779	18.5744	18.5695	18.5626	18.5528	18.5384	18.5169	18.4839	18.4318	18.3466	18.2016	17.9272	17.4386	16.8345	16.2762	15.768	15.3287	14.9625	14.6648	14.427	14.2392	14.0919	13.9771	13.8879	13.8188	13.7583	13.6885	13.597	13.4771	13.3196	13.1122	12.8383	12.519	12.1901	11.8554	11.5191	11.2205	10.988	10.8075	10.6677	10.5596	10.4761	
0.132014	10.8067	10.8918	11.0016	11.1431	11.3248	11.5572	11.8527	12.181	12.503	12.8147	13.1123	13.3637	13.5518	13.6936	13.8008	13.8822	13.9442	13.9976	14.0587	14.1372	14.238	14.3666	14.5301	14.7361	14.9624	15.1819	15.3919	15.5903	15.7561	15.8791	15.9711	16.0403	16.0927	16.1325	16.1667	16.2056	16.2556	16.3194	16.4003	16.5024	16.6297	16.7862	16.9748	17.196	17.4452	17.7105	17.9853	18.191	18.2922	18.3362	18.3548	18.3605	18.3599	18.3565	18.3521	18.3477	18.3437	18.3402	18.3373	18.3349	18.3327	18.3302	18.3266	18.3217	18.3148	18.3048	18.2903	18.2686	18.2354	18.1829	18.0973	17.9519	17.6777	17.1927	16.5995	16.0568	15.5675	15.1472	14.7982	14.515	14.2888	14.1099	13.9695	13.8599	13.7747	13.7086	13.6508	13.5839	13.4962	13.3811	13.2296	13.0296	12.7644	12.4538	12.1321	11.8033	11.4717	11.1761	10.9454	10.766	10.6268	10.5191	10.4359	
0.123858	10.6649	10.7492	10.8581	10.9983	11.1784	11.4087	11.7017	12.0273	12.3466	12.6557	12.951	13.2004	13.3871	13.5277	13.634	13.7148	13.7763	13.8293	13.8899	13.9678	14.0677	14.1953	14.3574	14.5617	14.786	15.0033	15.2112	15.4074	15.5711	15.6926	15.7834	15.8517	15.9034	15.9426	15.9763	16.0147	16.0639	16.1267	16.2065	16.307	16.4323	16.5864	16.7721	16.99	17.2359	17.4983	17.771	17.9758	18.0768	18.1208	18.1393	18.1449	18.1444	18.1409	18.1366	18.1321	18.1281	18.1246	18.1217	18.1193	18.1171	18.1145	18.111	18.106	18.0991	18.0892	18.0746	18.0529	18.0197	17.9672	17.8817	17.7367	17.464	16.9837	16.4	15.8692	15.3927	14.9846	14.6461	14.3715	14.152	13.9783	13.842	13.7355	13.6526	13.5883	13.532	13.4669	13.3815	13.2693	13.1214	12.9259	12.6664	12.3615	12.045	11.7207	11.3928	11.0999	10.871	10.6929	10.5546	10.4474	10.3646	
0.117582	10.5418	10.6255	10.7335	10.8726	11.0513	11.2799	11.5707	11.8938	12.2107	12.5175	12.8106	13.0582	13.2435	13.383	13.4886	13.5688	13.6298	13.6825	13.7426	13.8199	13.9191	14.0458	14.2066	14.4093	14.6317	14.8473	15.0533	15.2477	15.4099	15.5301	15.62	15.6876	15.7387	15.7775	15.8108	15.8488	15.8975	15.9596	16.0385	16.1378	16.2617	16.4139	16.5975	16.8129	17.0561	17.316	17.5866	17.7903	17.8909	17.9347	17.9532	17.9588	17.9582	17.9548	17.9504	17.946	17.942	17.9385	17.9355	17.9332	17.931	17.9284	17.9249	17.9199	17.913	17.9031	17.8886	17.8669	17.8337	17.7814	17.6962	17.5519	17.2809	16.8052	16.2295	15.7077	15.2405	14.8408	14.5095	14.2407	14.0257	13.8556	13.722	13.6175	13.5362	13.4731	13.4179	13.3539	13.2701	13.1598	13.0145	12.8222	12.5666	12.2659	11.9532	11.6324	11.3076	11.0172	10.7899	10.6129	10.4754	10.3689	10.2865	
0.112756	10.4385	10.5216	10.6289	10.7671	10.9446	11.1717	11.4606	11.7816	12.0965	12.4014	12.6926	12.9386	13.1227	13.2614	13.3663	13.4459	13.5066	13.5589	13.6186	13.6955	13.794	13.9198	14.0796	14.2809	14.5019	14.7159	14.9205	15.1134	15.2743	15.3936	15.4827	15.5497	15.6004	15.6388	15.6719	15.7096	15.7578	15.8194	15.8976	15.9961	16.1188	16.2696	16.4515	16.665	16.9061	17.1639	17.4327	17.6353	17.7355	17.7792	17.7975	17.8031	17.8025	17.7991	17.7947	17.7903	17.7863	17.7828	17.7799	17.7775	17.7753	17.7728	17.7692	17.7643	17.7574	17.7475	17.733	17.7114	17.6783	17.6262	17.5414	17.3978	17.1284	16.6567	16.0874	15.5726	15.1122	14.7186	14.3924	14.1277	13.9159	13.7483	13.6165	13.5135	13.4334	13.3711	13.3166	13.2535	13.1708	13.062	12.9185	12.7285	12.4757	12.1782	11.8685	11.5505	11.2281	10.9397	10.7138	10.5378	10.4011	10.2951	10.2131	
0.109044	10.3538	10.4364	10.5431	10.6806	10.8571	11.083	11.3703	11.6896	12.0028	12.306	12.5957	12.8404	13.0235	13.1615	13.2658	13.345	13.4054	13.4574	13.5168	13.5932	13.6912	13.8164	13.9753	14.1755	14.3952	14.608	14.8113	15.003	15.1629	15.2815	15.37	15.4366	15.4869	15.5251	15.558	15.5954	15.6433	15.7045	15.7821	15.8799	16.0018	16.1515	16.3321	16.544	16.7835	17.0396	17.3069	17.5085	17.6083	17.6518	17.6701	17.6757	17.6751	17.6717	17.6673	17.6629	17.6589	17.6554	17.6525	17.6501	17.648	17.6454	17.6419	17.637	17.6301	17.6202	17.6058	17.5842	17.5513	17.4994	17.4149	17.2719	17.004	16.5356	15.9713	15.4618	15.0065	14.6174	14.295	14.0332	13.8238	13.658	13.5276	13.4257	13.3464	13.2848	13.2308	13.1684	13.0864	12.9787	12.8365	12.6482	12.3977	12.1025	11.7951	11.4792	11.1589	10.872	10.6474	10.4722	10.3361	10.2306	10.149	
0.106186	10.2854	10.3677	10.4739	10.6108	10.7865	11.0114	11.2974	11.6153	11.9272	12.2291	12.5175	12.7611	12.9435	13.0808	13.1847	13.2635	13.3236	13.3754	13.4346	13.5106	13.6082	13.7328	13.891	14.0903	14.309	14.5208	14.7232	14.914	15.0731	15.191	15.2791	15.3453	15.3954	15.4334	15.4661	15.5033	15.5509	15.6118	15.689	15.7862	15.9074	16.0564	16.2359	16.4467	16.6848	16.9396	17.2056	17.4065	17.5059	17.5493	17.5675	17.5731	17.5725	17.5691	17.5647	17.5603	17.5563	17.5528	17.5499	17.5476	17.5454	17.5428	17.5393	17.5344	17.5276	17.5177	17.5033	17.4818	17.449	17.3972	17.313	17.1706	16.904	16.4382	15.8779	15.3724	14.9209	14.5353	14.2156	13.956	13.7484	13.5839	13.4546	13.3535	13.2748	13.2137	13.1601	13.0981	13.0168	12.9098	12.7687	12.5817	12.3328	12.0395	11.7339	11.4197	11.1009	10.8153	10.5916	10.4172	10.2816	10.1765	10.0951	
0.103992	10.2309	10.3129	10.4187	10.5551	10.7302	10.9543	11.2393	11.5561	11.8668	12.1677	12.4551	12.6978	12.8796	13.0164	13.12	13.1986	13.2584	13.31	13.369	13.4448	13.542	13.6661	13.8238	14.0224	14.2403	14.4513	14.6529	14.8429	15.0014	15.1188	15.2066	15.2726	15.3224	15.3603	15.3928	15.4298	15.4773	15.5379	15.6148	15.7116	15.8323	15.9806	16.1594	16.3692	16.6063	16.86	17.125	17.3253	17.4244	17.4676	17.4858	17.4914	17.4907	17.4873	17.483	17.4786	17.4746	17.4711	17.4682	17.4659	17.4637	17.4612	17.4577	17.4528	17.4459	17.4361	17.4217	17.4003	17.3675	17.3159	17.232	17.09	16.8244	16.3607	15.8035	15.3011	14.8526	14.4694	14.1519	13.894	13.6876	13.5242	13.3957	13.2952	13.2169	13.1562	13.1029	13.0413	12.9604	12.8541	12.7137	12.5277	12.2801	11.9882	11.6839	11.371	11.0535	10.769	10.546	10.3721	10.237	10.1322	10.0511	
0.102298	10.1878	10.2696	10.3751	10.5111	10.6857	10.9092	11.1934	11.5093	11.8192	12.1192	12.4058	12.6479	12.8291	12.9656	13.0688	13.1472	13.2069	13.2584	13.3171	13.3927	13.4897	13.6135	13.7706	13.9686	14.1859	14.3963	14.5973	14.7868	14.9448	15.0618	15.1493	15.2151	15.2648	15.3025	15.3349	15.3718	15.4191	15.4795	15.5562	15.6527	15.7729	15.9207	16.0989	16.308	16.5443	16.7972	17.0614	17.2611	17.36	17.4032	17.4213	17.4268	17.4262	17.4228	17.4185	17.4141	17.4101	17.4066	17.4038	17.4014	17.3993	17.3967	17.3932	17.3883	17.3815	17.3717	17.3573	17.336	17.3033	17.2518	17.168	17.0264	16.7616	16.2996	15.7448	15.2448	14.7985	14.4173	14.1013	13.8447	13.6393	13.4766	13.3487	13.2487	13.1708	13.1103	13.0573	12.9959	12.9154	12.8095	12.6697	12.4845	12.2379	11.947	11.6438	11.332	11.0154	10.7317	10.5094	10.3359	10.2011	10.0966	10.0157	
0.101002	10.154	10.2356	10.3409	10.4766	10.6508	10.8737	11.1573	11.4725	11.7817	12.0811	12.3671	12.6086	12.7894	12.9256	13.0286	13.1068	13.1664	13.2178	13.2764	13.3518	13.4485	13.5721	13.7289	13.9265	14.1432	14.3531	14.5537	14.7427	14.9003	15.0171	15.1043	15.1699	15.2195	15.2571	15.2895	15.3263	15.3735	15.4337	15.5102	15.6064	15.7263	15.8737	16.0514	16.26	16.4957	16.748	17.0115	17.2108	17.3095	17.3526	17.3707	17.3762	17.3756	17.3722	17.3679	17.3635	17.3595	17.356	17.3532	17.3508	17.3487	17.3461	17.3426	17.3378	17.3309	17.3211	17.3068	17.2855	17.2528	17.2014	17.1178	16.9765	16.7123	16.2516	15.6987	15.2005	14.7559	14.3762	14.0614	13.8058	13.6012	13.4391	13.3116	13.212	13.1343	13.074	13.0212	12.9601	12.8798	12.7742	12.6349	12.4503	12.2044	11.9144	11.612	11.301	10.9852	10.7021	10.4802	10.3071	10.1726	10.0683	9.98751	
0.099998	10.1276	10.209	10.3141	10.4496	10.6235	10.846	11.1292	11.4438	11.7525	12.0513	12.3368	12.5779	12.7585	12.8944	12.9972	13.0753	13.1347	13.186	13.2446	13.3199	13.4164	13.5397	13.6963	13.8935	14.1099	14.3194	14.5196	14.7082	14.8655	14.9821	15.0692	15.1346	15.1841	15.2217	15.254	15.2907	15.3378	15.3979	15.4742	15.5703	15.69	15.8371	16.0144	16.2225	16.4577	16.7095	16.9726	17.1715	17.2701	17.3131	17.3312	17.3367	17.336	17.3327	17.3283	17.324	17.32	17.3165	17.3136	17.3113	17.3092	17.3066	17.3031	17.2983	17.2914	17.2816	17.2674	17.2461	17.2134	17.1621	17.0787	16.9376	16.6739	16.2142	15.6627	15.1659	14.7226	14.344	14.0302	13.7753	13.5713	13.4096	13.2825	13.1831	13.1057	13.0456	12.9929	12.9319	12.8518	12.7465	12.6076	12.4234	12.1781	11.8887	11.587	11.2766	10.9613	10.6787	10.4572	10.2844	10.1501	10.0459	9.96531	
0.099002	10.1043	10.1856	10.2906	10.4258	10.5995	10.8217	11.1044	11.4185	11.7267	12.0251	12.3102	12.5509	12.7312	12.8669	12.9696	13.0475	13.1069	13.1581	13.2166	13.2917	13.3881	13.5113	13.6676	13.8645	14.0805	14.2897	14.4895	14.6779	14.8349	14.9513	15.0382	15.1036	15.153	15.1905	15.2227	15.2594	15.3064	15.3664	15.4426	15.5385	15.6579	15.8048	15.9818	16.1895	16.4243	16.6757	16.9383	17.137	17.2354	17.2784	17.2964	17.3019	17.3013	17.2979	17.2936	17.2892	17.2852	17.2818	17.2789	17.2765	17.2744	17.2719	17.2684	17.2635	17.2567	17.2469	17.2327	17.2114	17.1788	17.1276	17.0442	16.9034	16.6401	16.1813	15.631	15.1355	14.6933	14.3157	14.0026	13.7484	13.5449	13.3836	13.2568	13.1577	13.0804	13.0204	12.9679	12.907	12.8271	12.7221	12.5834	12.3996	12.1548	11.866	11.5648	11.2549	10.9402	10.6581	10.4369	10.2643	10.1302	10.0262	9.94565	
0.097698	10.0772	10.1584	10.2632	10.3982	10.5716	10.7933	11.0755	11.3891	11.6968	11.9947	12.2792	12.5195	12.6995	12.8349	12.9374	13.0153	13.0745	13.1256	13.184	13.259	13.3552	13.4781	13.6342	13.8307	14.0464	14.2552	14.4546	14.6426	14.7994	14.9155	15.0023	15.0675	15.1168	15.1542	15.1864	15.223	15.2699	15.3298	15.4058	15.5015	15.6207	15.7672	15.9439	16.1511	16.3855	16.6363	16.8985	17.0968	17.195	17.2379	17.256	17.2615	17.2608	17.2574	17.2531	17.2487	17.2448	17.2413	17.2385	17.2361	17.234	17.2314	17.228	17.2231	17.2163	17.2065	17.1923	17.171	17.1385	17.0873	17.0041	16.8635	16.6008	16.143	15.5942	15.1001	14.6592	14.2827	13.9705	13.717	13.5141	13.3533	13.2268	13.1279	13.0509	12.9911	12.9386	12.8779	12.7983	12.6935	12.5552	12.3718	12.1276	11.8394	11.5389	11.2296	10.9155	10.6339	10.4131	10.2408	10.1069	10.003	9.92262	
0.096012	10.0415	10.1225	10.227	10.3617	10.5347	10.7559	11.0374	11.3503	11.6573	11.9544	12.2383	12.4781	12.6576	12.7927	12.895	12.9726	13.0317	13.0827	13.1409	13.2158	13.3118	13.4344	13.5901	13.7861	14.0013	14.2096	14.4085	14.5961	14.7524	14.8682	14.9548	15.0198	15.069	15.1063	15.1384	15.1749	15.2217	15.2814	15.3572	15.4526	15.5716	15.7177	15.8938	16.1005	16.3342	16.5844	16.8459	17.0437	17.1418	17.1846	17.2026	17.2081	17.2074	17.2041	17.1998	17.1954	17.1914	17.188	17.1851	17.1828	17.1807	17.1781	17.1746	17.1698	17.163	17.1533	17.139	17.1178	17.0854	17.0343	16.9513	16.811	16.5489	16.0925	15.5456	15.0533	14.6141	14.239	13.9281	13.6755	13.4733	13.3131	13.1871	13.0885	13.0118	12.9521	12.8999	12.8394	12.76	12.6555	12.5177	12.3349	12.0914	11.8041	11.5044	11.196	10.8827	10.6017	10.3814	10.2095	10.0759	9.97221	9.89199	
0.093812	9.99418	10.0749	10.1791	10.3134	10.4858	10.7063	10.987	11.2989	11.6049	11.9011	12.1841	12.4231	12.602	12.7368	12.8387	12.9161	12.975	13.0259	13.0839	13.1585	13.2542	13.3764	13.5316	13.7271	13.9415	14.1491	14.3474	14.5343	14.6901	14.8056	14.8918	14.9566	15.0056	15.0428	15.0748	15.1112	15.1578	15.2173	15.2928	15.3879	15.5064	15.652	15.8275	16.0335	16.2663	16.5156	16.7763	16.9735	17.0713	17.114	17.1319	17.1374	17.1367	17.1334	17.1291	17.1247	17.1207	17.1173	17.1145	17.1121	17.11	17.1075	17.104	17.0992	17.0924	17.0827	17.0685	17.0473	17.015	16.964	16.8813	16.7414	16.4802	16.0257	15.4812	14.9912	14.5542	14.181	13.8716	13.6203	13.419	13.2596	13.1341	13.036	12.9596	12.9002	12.8482	12.788	12.709	12.605	12.4677	12.2857	12.0432	11.757	11.4584	11.151	10.8387	10.5586	10.339	10.1676	10.0344	9.931	9.85101	
0.090958	9.93106	10.0114	10.1152	10.2489	10.4206	10.6402	10.9197	11.2303	11.535	11.83	12.1118	12.3498	12.528	12.6622	12.7637	12.8408	12.8994	12.9501	13.0078	13.0822	13.1775	13.2992	13.4537	13.6483	13.8618	14.0685	14.2659	14.452	14.6071	14.722	14.8079	14.8724	14.9212	14.9582	14.99	15.0262	15.0727	15.1319	15.2071	15.3017	15.4197	15.5646	15.7392	15.9442	16.1759	16.4241	16.6835	16.8799	16.9774	17.0199	17.0377	17.0432	17.0426	17.0392	17.0349	17.0306	17.0266	17.0232	17.0204	17.018	17.0159	17.0134	17.0099	17.0051	16.9984	16.9887	16.9746	16.9535	16.9212	16.8705	16.788	16.6488	16.3888	15.9366	15.3954	14.9085	14.4743	14.1035	13.7961	13.5463	13.3463	13.1878	13.0632	12.9656	12.8896	12.8306	12.7789	12.719	12.6404	12.537	12.4005	12.2195	11.9783	11.6935	11.3964	11.0904	10.7795	10.5006	10.2819	10.1112	9.97841	9.87545	9.79576	
0.087242	9.84636	9.92628	10.0295	10.1624	10.3331	10.5515	10.8294	11.1382	11.4412	11.7345	12.0148	12.2515	12.4286	12.5621	12.663	12.7396	12.798	12.8483	12.9057	12.9796	13.0744	13.1954	13.349	13.5425	13.7548	13.9603	14.1566	14.3416	14.4957	14.61	14.6953	14.7594	14.8079	14.8447	14.8763	14.9123	14.9584	15.0173	15.092	15.1861	15.3033	15.4472	15.6208	15.8245	16.0547	16.3013	16.5592	16.7545	16.8514	16.8937	16.9115	16.9169	16.9163	16.9129	16.9086	16.9043	16.9004	16.897	16.8942	16.8918	16.8897	16.8872	16.8838	16.879	16.8723	16.8626	16.8486	16.8276	16.7955	16.745	16.663	16.5246	16.2662	15.8172	15.2802	14.7974	14.3668	13.9992	13.6943	13.4465	13.2482	13.0909	12.9672	12.8704	12.795	12.7365	12.6852	12.6257	12.5477	12.4451	12.3095	12.1298	11.8902	11.6074	11.3122	11.0081	10.699	10.4217	10.2042	10.0344	9.90232	9.7999	9.72061	
0.08242	9.73169	9.811	9.91339	10.0453	10.2147	10.4314	10.7071	11.0136	11.3143	11.6053	11.8834	12.1183	12.2941	12.4265	12.5266	12.6027	12.6606	12.7105	12.7675	12.8408	12.9349	13.0549	13.2073	13.3993	13.6099	13.8138	14.0085	14.192	14.3449	14.4582	14.5429	14.6065	14.6545	14.691	14.7224	14.7581	14.8038	14.8622	14.9363	15.0296	15.1458	15.2885	15.4606	15.6625	15.8908	16.1353	16.3911	16.5849	16.6811	16.7231	16.7407	16.7461	16.7455	16.7421	16.7379	16.7336	16.7297	16.7263	16.7235	16.7212	16.7191	16.7166	16.7132	16.7084	16.7018	16.6922	16.6782	16.6574	16.6255	16.5754	16.494	16.3567	16.1006	15.6558	15.1244	14.6468	14.221	13.8573	13.5557	13.3106	13.1143	12.9587	12.8363	12.7405	12.6658	12.6078	12.557	12.4982	12.4209	12.3193	12.1851	12.007	11.7697	11.4893	11.1966	10.8951	10.5885	10.3133	10.0974	9.92886	9.79776	9.69607	9.61735	
0.07614	9.57482	9.65328	9.75458	9.88507	10.0527	10.2671	10.5399	10.8431	11.1406	11.4286	11.7037	11.936	12.11	12.241	12.34	12.4153	12.4726	12.522	12.5784	12.6509	12.7439	12.8627	13.0135	13.2034	13.4117	13.6134	13.806	13.9874	14.1387	14.2507	14.3344	14.3973	14.4448	14.4809	14.5119	14.5472	14.5924	14.6501	14.7234	14.8156	14.9304	15.0716	15.2416	15.4412	15.6669	15.9086	16.1615	16.3532	16.4484	16.49	16.5074	16.5127	16.5121	16.5088	16.5046	16.5003	16.4965	16.4931	16.4903	16.4881	16.486	16.4835	16.4801	16.4754	16.4688	16.4593	16.4455	16.4249	16.3933	16.3438	16.2632	16.1274	15.8743	15.4353	14.9112	14.4404	14.0208	13.6624	13.3651	13.1234	12.9298	12.7763	12.6555	12.561	12.4873	12.4301	12.38	12.3219	12.2457	12.1453	12.0128	11.837	11.6025	11.3256	11.0363	10.7381	10.4349	10.1626	9.94895	9.78212	9.65234	9.55166	9.47371	
0.067988	9.35747	9.43476	9.53455	9.6631	9.82821	10.0394	10.3082	10.6069	10.8999	11.1836	11.4546	11.6835	11.8549	11.9839	12.0815	12.1556	12.212	12.2607	12.3162	12.3877	12.4793	12.5963	12.7448	12.9319	13.1371	13.3357	13.5253	13.704	13.8529	13.9632	14.0456	14.1075	14.1543	14.1898	14.2203	14.2551	14.2996	14.3564	14.4285	14.5193	14.6323	14.7712	14.9386	15.135	15.357	15.5949	15.8438	16.0327	16.1265	16.1674	16.1846	16.1899	16.1892	16.186	16.1818	16.1776	16.1738	16.1705	16.1678	16.1655	16.1635	16.161	16.1577	16.153	16.1465	16.1372	16.1236	16.1032	16.0721	16.0233	15.944	15.8103	15.5614	15.1301	14.6158	14.154	13.7424	13.3908	13.0991	12.862	12.6719	12.5212	12.4026	12.3098	12.2374	12.1812	12.1319	12.0749	12	11.9013	11.7711	11.5983	11.3677	11.0953	10.8106	10.5171	10.2185	9.95024	9.73969	9.57526	9.44733	9.34807	9.27122	
0.057378	9.05182	9.12747	9.22514	9.35095	9.51254	9.71927	9.98229	10.2746	10.5614	10.8391	11.1043	11.3284	11.4961	11.6224	11.7179	11.7904	11.8456	11.8933	11.9476	12.0175	12.1072	12.2217	12.367	12.5501	12.7509	12.9452	13.1307	13.3055	13.4512	13.5591	13.6396	13.7002	13.746	13.7807	13.8106	13.8445	13.8881	13.9436	14.0141	14.1029	14.2134	14.3492	14.5129	14.7049	14.9219	15.1545	15.3979	15.5826	15.6744	15.7146	15.7314	15.7365	15.7359	15.7327	15.7286	15.7245	15.7208	15.7175	15.7148	15.7126	15.7106	15.7082	15.705	15.7004	15.694	15.6849	15.6715	15.6516	15.6212	15.5734	15.4959	15.3652	15.1221	14.7014	14.2002	13.7503	13.3494	13.0068	12.7225	12.4913	12.306	12.159	12.0433	11.9527	11.8821	11.8272	11.7792	11.7235	11.6503	11.5541	11.4269	11.2581	11.0329	10.7666	10.4883	10.2012	9.90901	9.64646	9.44031	9.27928	9.15398	9.05676	8.98147	
0.042622	8.59725	8.67045	8.76496	8.8867	9.04307	9.24311	9.49762	9.78049	10.058	10.3267	10.5834	10.8001	10.9624	11.0846	11.177	11.2472	11.3006	11.3467	11.3993	11.467	11.5537	11.6645	11.8051	11.9822	12.1764	12.3644	12.5439	12.713	12.8538	12.9582	13.0361	13.0947	13.1389	13.1725	13.2014	13.2342	13.2763	13.33	13.3982	13.484	13.5909	13.7221	13.8803	14.0659	14.2757	14.5004	14.7358	14.9144	15.0032	15.0421	15.0583	15.0633	15.0627	15.0596	15.0556	15.0517	15.048	15.0449	15.0423	15.0402	15.0382	15.0359	15.0327	15.0283	15.0222	15.0133	15.0004	14.9811	14.9517	14.9055	14.8305	14.7044	14.4697	14.0642	13.5815	13.1484	12.7623	12.4324	12.1584	11.9356	11.7569	11.6152	11.5035	11.4162	11.348	11.2951	11.2487	11.195	11.1244	11.0315	10.9087	10.7457	10.5282	10.2709	10.0018	9.72419	9.44151	9.18742	8.98785	8.83193	8.71059	8.61642	8.5435	
0.032012	8.08432	8.15475	8.24569	8.36284	8.51331	8.70581	8.95072	9.22292	9.48998	9.74852	9.99551	10.2041	10.3602	10.4778	10.5667	10.6343	10.6857	10.73	10.7806	10.8457	10.9292	11.0358	11.1711	11.3415	11.5283	11.7092	11.8818	12.0445	12.18	12.2804	12.3553	12.4117	12.4542	12.4865	12.5143	12.5459	12.5864	12.6381	12.7036	12.7861	12.8889	13.0151	13.1672	13.3457	13.5474	13.7635	13.9898	14.1616	14.247	14.2844	14.3001	14.3048	14.3042	14.3012	14.2974	14.2936	14.2901	14.2871	14.2846	14.2826	14.2807	14.2785	14.2754	14.2712	14.2652	14.2567	14.2443	14.2258	14.1975	14.1531	14.081	13.9598	13.7345	13.3453	12.8824	12.4671	12.0969	11.7803	11.5174	11.3036	11.132	10.9959	10.8887	10.8048	10.7394	10.6885	10.644	10.5923	10.5245	10.4353	10.3173	10.1607	9.95157	9.70418	9.44543	9.17838	8.90638	8.66184	8.46974	8.31964	8.20281	8.11213	8.04192	
0.02386	7.67398	7.74221	7.8303	7.94377	8.08952	8.27598	8.51321	8.77687	9.03556	9.28599	9.52522	9.72727	9.87851	9.99239	10.0785	10.1439	10.1937	10.2367	10.2857	10.3488	10.4296	10.5328	10.6639	10.8289	11.0099	11.1851	11.3523	11.5098	11.641	11.7383	11.8108	11.8654	11.9066	11.9379	11.9648	11.9954	12.0346	12.0846	12.1481	12.228	12.3275	12.4498	12.5971	12.7699	12.9651	13.1744	13.3935	13.5599	13.6426	13.6788	13.6939	13.6985	13.698	13.6951	13.6914	13.6877	13.6843	13.6814	13.679	13.677	13.6752	13.673	13.6701	13.666	13.6602	13.652	13.6399	13.622	13.5946	13.5516	13.4819	13.3645	13.1466	12.7703	12.3227	11.9212	11.5632	11.257	11.0028	10.7959	10.6299	10.4982	10.3945	10.3133	10.25	10.2008	10.1577	10.1077	10.0421	9.9557	9.8415	9.68989	9.48747	9.24795	8.99739	8.73875	8.4753	8.2384	8.05229	7.90686	7.79366	7.70581	7.63776	
0.01758	7.34023	7.40667	7.49243	7.60292	7.74483	7.92638	8.15736	8.41408	8.66595	8.90979	9.14272	9.33944	9.4867	9.59758	9.68145	9.74513	9.79361	9.83544	9.88316	9.94455	10.0233	10.1238	10.2514	10.4121	10.5883	10.7588	10.9216	11.075	11.2027	11.2974	11.368	11.4212	11.4613	11.4917	11.5179	11.5477	11.5859	11.6346	11.6964	11.7742	11.8711	11.9901	12.1334	12.3016	12.4917	12.6954	12.9087	13.0707	13.1512	13.1864	13.2012	13.2057	13.2051	13.2023	13.1987	13.1951	13.1918	13.189	13.1866	13.1847	13.1829	13.1808	13.1779	13.174	13.1683	13.1603	13.1486	13.1312	13.1045	13.0626	12.9948	12.8806	12.6685	12.3025	11.8672	11.4767	11.1284	10.8306	10.5833	10.3819	10.2205	10.0923	9.99142	9.9124	9.85079	9.80291	9.76095	9.71231	9.64845	9.56436	9.45321	9.30565	9.10862	8.87546	8.63154	8.37974	8.12323	7.89256	7.71133	7.56971	7.45947	7.37391	7.30765	
0.012758	7.07295	7.13794	7.22185	7.32994	7.46878	7.6464	7.87237	8.12354	8.36995	8.6085	8.83639	9.02885	9.17292	9.28139	9.36345	9.42574	9.47317	9.5141	9.56078	9.62085	9.69787	9.7962	9.92102	10.0782	10.2506	10.4174	10.5767	10.7268	10.8517	10.9443	11.0134	11.0654	11.1047	11.1344	11.1601	11.1892	11.2265	11.2742	11.3347	11.4108	11.5055	11.6219	11.7622	11.9267	12.1127	12.3119	12.5205	12.679	12.7578	12.7922	12.8067	12.8111	12.8105	12.8078	12.8043	12.8007	12.7975	12.7947	12.7924	12.7905	12.7888	12.7868	12.7839	12.78	12.7746	12.7667	12.7553	12.7382	12.7121	12.6712	12.6048	12.4931	12.2858	11.9278	11.5022	11.1204	10.7798	10.4886	10.2468	10.0499	9.892	9.76668	9.66798	9.59069	9.53044	9.48361	9.44256	9.395	9.33254	9.25028	9.14157	8.99723	8.80451	8.57643	8.33782	8.09148	7.84052	7.61484	7.43753	7.29897	7.19111	7.10739	7.04255	
0.009042	6.86119	6.92504	7.00748	7.11368	7.25008	7.42458	7.64659	7.89335	8.13544	8.36981	8.5937	8.78278	8.92432	9.03089	9.11151	9.17271	9.21931	9.25951	9.30538	9.36439	9.44006	9.53667	9.65929	9.81373	9.9831	10.147	10.3035	10.4509	10.5737	10.6646	10.7325	10.7836	10.8221	10.8514	10.8766	10.9052	10.9419	10.9887	11.0481	11.1229	11.216	11.3303	11.4681	11.6298	11.8124	12.0082	12.2131	12.3688	12.4462	12.48	12.4942	12.4985	12.498	12.4953	12.4918	12.4884	12.4852	12.4825	12.4802	12.4783	12.4767	12.4746	12.4719	12.468	12.4626	12.4549	12.4437	12.4269	12.4013	12.3611	12.2959	12.1862	11.9825	11.631	11.213	10.8379	10.5035	10.2175	9.97992	9.78656	9.63146	9.50835	9.4114	9.33549	9.2763	9.2303	9.18998	9.14325	9.0819	9.0011	8.89431	8.75252	8.56319	8.33913	8.10471	7.8627	7.61615	7.39443	7.22022	7.08408	6.9781	6.89585	6.83215	
0.006188	6.6947	6.75766	6.83894	6.94365	7.07814	7.25018	7.46908	7.71238	7.95107	8.18215	8.40289	8.58932	8.72888	8.83395	8.91343	8.97377	9.01972	9.05936	9.10458	9.16277	9.23737	9.33262	9.45353	9.6058	9.77279	9.93438	10.0887	10.234	10.3551	10.4447	10.5117	10.562	10.6	10.6289	10.6537	10.6819	10.7181	10.7643	10.8228	10.8965	10.9883	11.1011	11.2369	11.3963	11.5764	11.7694	11.9714	12.1249	12.2012	12.2346	12.2486	12.2528	12.2523	12.2496	12.2462	12.2428	12.2397	12.237	12.2348	12.2329	12.2313	12.2293	12.2266	12.2228	12.2175	12.2099	12.1988	12.1822	12.157	12.1173	12.053	11.9449	11.7441	11.3976	10.9855	10.6158	10.2861	10.0042	9.76998	9.57935	9.42644	9.30508	9.2095	9.13466	9.07631	9.03096	8.99121	8.94514	8.88465	8.80499	8.69971	8.55992	8.37326	8.15235	7.92123	7.68262	7.43953	7.22092	7.04915	6.91492	6.81043	6.72933	6.66652	
0.00399	6.56453	6.62679	6.70717	6.81071	6.9437	7.11384	7.3303	7.57088	7.80692	8.03542	8.25371	8.43807	8.57607	8.67997	8.75857	8.81824	8.86368	8.90287	8.94759	9.00513	9.0789	9.17309	9.29265	9.44322	9.60835	9.76815	9.92071	10.0644	10.1841	10.2728	10.339	10.3888	10.4264	10.4549	10.4795	10.5074	10.5431	10.5888	10.6467	10.7196	10.8104	10.9219	11.0562	11.2138	11.3919	11.5827	11.7825	11.9342	12.0097	12.0427	12.0565	12.0607	12.0602	12.0576	12.0542	12.0508	12.0478	12.0451	12.0429	12.0411	12.0394	12.0375	12.0348	12.031	12.0258	12.0183	12.0073	11.9909	11.966	11.9267	11.8632	11.7563	11.5577	11.2151	10.8076	10.4421	10.1161	9.83733	9.60575	9.41726	9.26606	9.14606	9.05155	8.97754	8.91984	8.875	8.83569	8.79014	8.73033	8.65156	8.54745	8.40922	8.22464	8.0062	7.77765	7.5417	7.30132	7.08513	6.91528	6.78254	6.67921	6.59901	6.5369	
0.0023	6.46318	6.52489	6.60456	6.70719	6.83902	7.00766	7.22223	7.4607	7.69467	7.92117	8.13755	8.32029	8.45708	8.56007	8.63798	8.69713	8.74217	8.78102	8.82535	8.88238	8.95551	9.04887	9.16738	9.31663	9.48032	9.63871	9.78993	9.93239	10.0511	10.1389	10.2046	10.2539	10.2912	10.3195	10.3438	10.3714	10.4069	10.4522	10.5095	10.5818	10.6718	10.7823	10.9154	11.0717	11.2482	11.4373	11.6354	11.7858	11.8606	11.8933	11.907	11.9112	11.9107	11.9081	11.9047	11.9014	11.8983	11.8957	11.8935	11.8917	11.8901	11.8881	11.8854	11.8817	11.8765	11.8691	11.8582	11.842	11.8172	11.7784	11.7154	11.6094	11.4126	11.073	10.6691	10.3068	9.98368	9.70736	9.47782	9.29098	9.14112	9.02217	8.92849	8.85514	8.79794	8.75349	8.71453	8.66938	8.61009	8.53202	8.42882	8.2918	8.10885	7.89232	7.66578	7.4319	7.19362	6.97933	6.81096	6.67939	6.57696	6.49746	6.4359	
0.001	6.38449	6.44577	6.5249	6.62683	6.75775	6.92523	7.13833	7.37517	7.60753	7.83247	8.04737	8.22885	8.3647	8.46699	8.54436	8.6031	8.64783	8.68642	8.73044	8.78708	8.85971	8.95243	9.07013	9.21835	9.38091	9.53822	9.6884	9.82988	9.94773	10.035	10.1002	10.1492	10.1862	10.2143	10.2385	10.2659	10.3011	10.3461	10.4031	10.4748	10.5642	10.674	10.8062	10.9613	11.1366	11.3245	11.5212	11.6706	11.7449	11.7773	11.791	11.7951	11.7946	11.792	11.7887	11.7853	11.7823	11.7797	11.7775	11.7757	11.7741	11.7722	11.7695	11.7658	11.7607	11.7533	11.7425	11.7264	11.7018	11.6632	11.6006	11.4954	11.2999	10.9626	10.5616	10.2018	9.88085	9.60643	9.37847	9.19292	9.04409	8.92596	8.83292	8.76007	8.70327	8.65912	8.62043	8.57559	8.51671	8.43917	8.33669	8.20061	8.01891	7.80387	7.57889	7.34661	7.10997	6.89715	6.72994	6.59926	6.49754	6.41859	6.35744	
0	6.32353	6.38449	6.46319	6.56458	6.6948	6.86138	7.07333	7.30891	7.54002	7.76377	7.97751	8.15802	8.29314	8.39488	8.47184	8.53027	8.57476	8.61314	8.65693	8.71326	8.7855	8.87773	8.99479	9.14223	9.30391	9.46037	9.60976	9.75048	9.8677	9.95452	10.0194	10.0681	10.1049	10.1328	10.1569	10.1842	10.2192	10.2639	10.3206	10.392	10.4809	10.59	10.7216	10.8759	11.0502	11.2371	11.4327	11.5813	11.6552	11.6875	11.7011	11.7052	11.7047	11.7021	11.6988	11.6955	11.6925	11.6899	11.6877	11.6859	11.6843	11.6824	11.6797	11.6761	11.6709	11.6636	11.6528	11.6368	11.6124	11.574	11.5117	11.4071	11.2127	10.8772	10.4783	10.1204	9.80119	9.52824	9.30149	9.11694	8.9689	8.85141	8.75887	8.68641	8.62991	8.586	8.54752	8.50292	8.44436	8.36723	8.26529	8.12995	7.94922	7.73534	7.51156	7.28052	7.04515	6.83347	6.66715	6.53718	6.436	6.35747	6.29665	
